"Id","Predicted.0","Predicted.1"
7830,0,1
792,1,0
12179,1,0
1991,1,0
9669,1,0
4714,1,0
9233,1,0
7714,1,0
8922,1,0
11900,1,0
2928,1,0
5501,1,0
1596,1,0
5616,1,0
7569,1,0
4470,1,0
8408,1,0
5255,1,0
5483,1,0
218,1,0
9300,1,0
1342,1,0
1862,1,0
11325,1,0
6157,0,1
8987,1,0
7155,1,0
892,1,0
6858,1,0
8066,0,1
1267,1,0
2708,0,1
10327,0,1
10647,1,0
4353,1,0
10603,1,0
6338,1,0
11164,1,0
5339,1,0
8948,1,0
2415,1,0
5173,1,0
8904,1,0
3146,1,0
497,1,0
389,1,0
11717,1,0
1444,1,0
6698,1,0
8797,1,0
6606,1,0
2246,1,0
555,1,0
606,1,0
2546,1,0
6308,1,0
4375,1,0
9772,1,0
12237,1,0
3479,1,0
1605,0,1
6990,1,0
3871,1,0
2238,1,0
2124,1,0
1106,0,1
1402,1,0
4377,1,0
2328,1,0
8774,1,0
7733,1,0
10158,1,0
3002,1,0
9849,1,0
9321,1,0
3022,1,0
5617,1,0
10808,1,0
9202,0,1
7224,1,0
6199,1,0
10972,1,0
5664,1,0
8800,0,1
5520,1,0
9001,1,0
11159,1,0
2594,1,0
9592,0,1
118,1,0
5013,1,0
1627,1,0
3307,0,1
52,1,0
8369,0,1
9837,0,1
999,1,0
1020,1,0
608,1,0
531,1,0
10777,1,0
7589,1,0
3524,1,0
10322,1,0
10354,1,0
3592,1,0
3283,1,0
7688,1,0
60,1,0
5125,1,0
3560,1,0
6434,1,0
2231,1,0
7629,1,0
12225,1,0
10636,1,0
7055,1,0
3882,1,0
9827,1,0
4989,1,0
461,1,0
8736,0,1
9897,1,0
6277,1,0
9578,1,0
2112,1,0
222,1,0
12,1,0
5121,1,0
4083,1,0
3298,1,0
7512,1,0
3060,1,0
3271,0,1
2968,0,1
11632,1,0
5254,1,0
4515,1,0
6610,1,0
7621,1,0
2817,1,0
5737,1,0
7721,1,0
9601,1,0
3623,1,0
3764,1,0
11105,1,0
10004,1,0
5969,1,0
7712,0,1
6479,1,0
11494,0,1
10597,1,0
8122,0,1
936,1,0
7584,1,0
412,1,0
11730,1,0
4640,1,0
12311,1,0
962,1,0
7422,1,0
2141,1,0
11589,1,0
5467,1,0
4065,1,0
8471,1,0
1548,1,0
12147,1,0
4906,1,0
5818,1,0
252,1,0
8940,1,0
2250,1,0
3510,1,0
10577,1,0
7940,1,0
2372,1,0
5465,0,1
10389,1,0
5945,1,0
8735,1,0
5144,1,0
10744,1,0
1028,1,0
5596,1,0
1471,1,0
1225,1,0
9585,1,0
7807,1,0
2455,1,0
9020,1,0
3436,1,0
4307,0,1
1318,1,0
3584,1,0
8432,1,0
5965,0,1
10772,1,0
486,1,0
11978,1,0
8500,1,0
11060,1,0
2102,1,0
1229,1,0
8664,1,0
8112,1,0
2008,1,0
6985,1,0
7273,1,0
2308,1,0
5215,1,0
4666,1,0
971,1,0
10182,1,0
7571,0,1
12195,1,0
7553,1,0
199,0,1
4768,1,0
981,1,0
5645,1,0
7459,1,0
4796,1,0
5952,1,0
5615,1,0
10239,1,0
6676,1,0
2194,1,0
3604,1,0
10498,1,0
1981,1,0
5375,1,0
9433,1,0
3467,1,0
8712,1,0
3231,1,0
8417,1,0
4024,1,0
10466,0,1
145,1,0
12100,1,0
11172,1,0
9271,1,0
7915,1,0
10427,0,1
10872,1,0
6282,1,0
9755,1,0
9528,1,0
130,1,0
8873,1,0
9207,1,0
11111,1,0
11690,1,0
10068,1,0
2465,1,0
3916,1,0
4732,1,0
7850,1,0
9574,1,0
4519,0,1
9155,1,0
8144,0,1
10787,1,0
686,1,0
2171,0,1
5903,1,0
4511,1,0
10047,0,1
6519,1,0
9040,0,1
972,1,0
1431,1,0
10184,1,0
8699,1,0
5638,1,0
11290,1,0
7462,1,0
759,1,0
6400,1,0
1121,1,0
8243,0,1
4910,1,0
5566,1,0
6751,0,1
4172,1,0
2389,1,0
2992,1,0
6292,0,1
1385,1,0
11819,1,0
4351,1,0
8342,1,0
7141,1,0
11021,1,0
954,0,1
6289,0,1
1614,1,0
2998,0,1
8503,1,0
3160,1,0
5813,1,0
237,1,0
9330,1,0
3046,1,0
3751,1,0
4748,1,0
3433,1,0
11706,1,0
1678,1,0
6468,1,0
7975,1,0
9998,0,1
1891,0,1
3708,1,0
3500,1,0
9002,1,0
1351,1,0
7967,1,0
10981,1,0
9070,1,0
6905,1,0
9700,1,0
6523,1,0
11369,1,0
7086,1,0
7786,1,0
8236,1,0
5228,1,0
4036,1,0
8771,1,0
1085,1,0
8437,1,0
10497,1,0
4498,1,0
9635,1,0
528,1,0
6420,1,0
870,1,0
7774,0,1
737,0,1
8463,1,0
11124,1,0
9750,0,1
5214,1,0
5044,1,0
10224,1,0
11405,1,0
3406,1,0
6361,1,0
1136,1,0
468,1,0
1096,1,0
6111,0,1
10269,1,0
10978,1,0
6067,1,0
4942,1,0
8624,1,0
12109,1,0
6624,1,0
6098,1,0
11330,1,0
3014,0,1
5937,1,0
10309,1,0
8909,1,0
1462,1,0
9718,1,0
2977,1,0
11957,1,0
5049,1,0
915,1,0
1710,1,0
11240,1,0
7679,1,0
8541,1,0
4419,1,0
68,1,0
5074,1,0
7826,1,0
7244,1,0
3279,1,0
11702,1,0
4343,1,0
2240,1,0
12190,0,1
1936,1,0
5416,1,0
3222,1,0
3746,1,0
12178,0,1
4319,1,0
10393,1,0
3662,1,0
3266,1,0
9032,1,0
9937,1,0
7123,1,0
933,1,0
4765,1,0
8166,1,0
2663,1,0
3374,1,0
9266,0,1
745,1,0
3416,1,0
12310,1,0
5929,1,0
6787,1,0
359,1,0
6312,0,1
10480,1,0
12313,0,1
10936,1,0
10240,1,0
5679,1,0
6072,1,0
5769,1,0
7048,1,0
10103,1,0
3505,1,0
9362,1,0
7200,1,0
7570,1,0
2769,0,1
8121,1,0
9715,1,0
8459,1,0
10831,1,0
3006,1,0
6472,1,0
2106,1,0
12238,1,0
3894,1,0
690,1,0
2860,1,0
8348,1,0
4644,1,0
2733,1,0
10494,1,0
10880,1,0
12176,1,0
3024,1,0
10770,1,0
7176,1,0
7408,1,0
6951,1,0
6204,1,0
4223,1,0
2331,1,0
2881,1,0
1584,1,0
7992,1,0
3958,0,1
11528,1,0
11767,1,0
1182,1,0
1004,1,0
11471,1,0
4490,1,0
11995,1,0
4011,1,0
4887,1,0
1026,0,1
1288,1,0
7526,1,0
7218,1,0
3186,1,0
12327,1,0
9281,1,0
10529,1,0
9311,1,0
10233,1,0
623,1,0
3939,1,0
7494,0,1
434,1,0
4702,1,0
756,0,1
9734,1,0
10706,1,0
5689,1,0
3484,1,0
809,1,0
8710,1,0
11064,1,0
11550,1,0
4326,1,0
2226,1,0
4136,1,0
10713,1,0
9440,1,0
2625,1,0
9777,0,1
3844,1,0
7106,0,1
6296,1,0
6775,1,0
3539,1,0
6874,1,0
3463,1,0
3516,0,1
6489,1,0
10563,1,0
2647,1,0
3409,1,0
11467,1,0
7541,1,0
3788,1,0
5897,1,0
9357,1,0
8367,1,0
4248,1,0
10901,1,0
10913,1,0
2491,1,0
4789,1,0
11699,1,0
4402,1,0
11307,0,1
11638,1,0
910,1,0
10742,1,0
7549,1,0
6207,1,0
2153,1,0
11446,1,0
5867,1,0
2690,1,0
2032,1,0
3490,1,0
295,0,1
10374,1,0
10020,1,0
10021,1,0
9102,0,1
2237,1,0
8674,1,0
5230,1,0
833,1,0
3232,1,0
7242,0,1
697,1,0
8068,0,1
5224,1,0
10893,1,0
3412,1,0
3054,1,0
6247,0,1
9730,0,1
8749,1,0
9354,1,0
2654,1,0
4427,1,0
10623,0,1
4856,1,0
8645,0,1
113,1,0
8127,1,0
10013,0,1
8657,1,0
6734,1,0
9655,1,0
11887,1,0
957,1,0
838,1,0
4367,1,0
3814,1,0
10406,1,0
11903,1,0
4526,1,0
10904,1,0
8325,1,0
9840,1,0
2521,1,0
2034,0,1
6218,1,0
7858,1,0
7942,0,1
11843,1,0
2637,1,0
11461,1,0
5857,1,0
6172,1,0
4909,1,0
2055,1,0
4951,1,0
7938,0,1
7484,1,0
3536,1,0
6069,1,0
11026,1,0
7414,1,0
8872,1,0
4021,0,1
6187,1,0
5283,1,0
1998,1,0
1018,1,0
6350,0,1
5185,1,0
6580,1,0
1443,1,0
219,1,0
8053,1,0
5026,1,0
6506,1,0
11348,1,0
5331,1,0
11094,1,0
6971,1,0
10541,1,0
3990,1,0
4413,1,0
4093,1,0
7311,1,0
8819,1,0
3723,1,0
569,1,0
2753,1,0
6969,1,0
11734,1,0
458,1,0
661,1,0
8464,1,0
6442,1,0
6803,1,0
2208,1,0
4708,1,0
7124,1,0
7329,1,0
4301,1,0
1554,1,0
5360,1,0
1448,0,1
1378,1,0
1616,1,0
7337,0,1
10640,0,1
5553,1,0
1132,1,0
6091,0,1
7295,1,0
8700,1,0
725,1,0
732,1,0
9010,1,0
908,1,0
11998,1,0
1804,1,0
10100,1,0
2540,1,0
6732,0,1
234,1,0
11272,1,0
1350,1,0
8254,0,1
376,1,0
10672,1,0
346,1,0
10613,1,0
9140,1,0
163,1,0
5238,1,0
10479,1,0
11513,1,0
1089,1,0
3892,1,0
3076,0,1
6205,0,1
7262,1,0
453,1,0
11850,1,0
3404,0,1
5411,1,0
31,1,0
8085,1,0
4926,1,0
10570,1,0
8630,1,0
4609,1,0
1977,1,0
11428,0,1
5509,0,1
4464,1,0
1199,1,0
2520,1,0
7724,0,1
8911,1,0
33,1,0
3673,1,0
4589,1,0
6922,0,1
622,1,0
11040,1,0
5810,1,0
2121,1,0
2271,0,1
7996,1,0
2125,1,0
7839,0,1
5986,1,0
11868,1,0
10078,1,0
1397,0,1
2206,1,0
8568,1,0
2879,1,0
2603,1,0
104,1,0
3724,1,0
5502,1,0
327,1,0
10965,1,0
7578,0,1
4084,1,0
1319,1,0
8019,1,0
6257,0,1
1973,1,0
10313,0,1
8046,1,0
9261,1,0
11901,1,0
11027,1,0
9097,0,1
741,1,0
11754,1,0
2641,1,0
6547,0,1
6573,1,0
6859,1,0
4475,1,0
2543,1,0
2745,1,0
4912,1,0
7052,1,0
6886,1,0
5430,1,0
11922,0,1
8885,0,1
11487,1,0
1427,1,0
9182,1,0
317,1,0
3320,0,1
7198,0,1
9110,1,0
8804,1,0
7308,0,1
2433,1,0
8820,1,0
6104,1,0
11077,0,1
8530,1,0
9147,0,1
9510,1,0
1467,1,0
2175,1,0
9536,0,1
6065,1,0
5524,0,1
10007,1,0
321,1,0
6306,0,1
5812,0,1
6620,1,0
5313,1,0
4563,1,0
6794,1,0
9299,1,0
5145,1,0
3334,1,0
3994,1,0
10635,1,0
6524,1,0
4138,1,0
5158,1,0
3999,1,0
8165,1,0
8717,1,0
10666,1,0
9742,1,0
7331,1,0
645,1,0
8034,1,0
1406,1,0
6017,1,0
7596,1,0
1854,1,0
10015,1,0
9881,1,0
6771,1,0
5019,1,0
17,1,0
10719,1,0
4139,1,0
12241,1,0
9637,1,0
10741,0,1
8274,1,0
4664,1,0
498,1,0
4872,1,0
12286,1,0
5786,0,1
12077,1,0
4628,1,0
8581,0,1
4774,0,1
4445,1,0
942,1,0
6148,1,0
7513,1,0
5296,1,0
238,1,0
1169,1,0
5136,1,0
10140,1,0
7016,1,0
9757,1,0
3841,1,0
3717,1,0
675,0,1
8680,1,0
3603,1,0
4484,1,0
5819,1,0
7995,1,0
3423,1,0
5434,1,0
7924,1,0
10040,1,0
3576,1,0
6933,1,0
10046,1,0
5605,1,0
9943,1,0
6495,1,0
3915,1,0
2169,0,1
1549,1,0
10938,1,0
7601,1,0
7366,0,1
1124,1,0
1561,1,0
6840,0,1
433,1,0
11718,1,0
3618,1,0
8197,1,0
858,0,1
11247,1,0
3829,1,0
9658,1,0
7256,1,0
6467,1,0
2849,1,0
1463,0,1
1695,1,0
7144,1,0
8220,1,0
11620,1,0
1932,1,0
995,1,0
795,1,0
2432,1,0
10629,1,0
6615,0,1
1546,1,0
1928,1,0
11039,1,0
10411,1,0
932,1,0
2302,1,0
1935,1,0
8813,1,0
365,0,1
12197,1,0
12009,0,1
6824,1,0
3168,1,0
1363,1,0
9067,1,0
10473,1,0
9374,0,1
893,1,0
9045,1,0
10738,1,0
6589,1,0
2317,1,0
10272,1,0
1840,1,0
3098,1,0
6554,1,0
8526,1,0
3609,1,0
3193,0,1
1005,1,0
2832,1,0
10908,1,0
3244,1,0
11914,1,0
2053,1,0
1246,1,0
2905,0,1
8016,1,0
1133,1,0
3252,1,0
8903,1,0
492,1,0
9191,1,0
11911,1,0
1579,0,1
6866,1,0
5634,1,0
3370,1,0
2122,1,0
11013,1,0
3791,1,0
10210,1,0
11273,0,1
11526,0,1
3762,1,0
4670,1,0
6649,1,0
8739,0,1
11916,1,0
2774,1,0
10720,1,0
567,1,0
59,1,0
4733,1,0
11473,1,0
11909,1,0
11655,1,0
10033,1,0
5438,0,1
11573,1,0
11158,1,0
11216,0,1
1842,0,1
8919,1,0
8805,1,0
141,1,0
11535,1,0
9251,1,0
7416,1,0
3707,1,0
3991,1,0
5004,1,0
9373,1,0
5684,1,0
7521,1,0
6241,0,1
7587,1,0
4128,1,0
3422,1,0
5259,1,0
6668,1,0
10750,1,0
7306,1,0
6007,1,0
9303,0,1
6630,1,0
12034,1,0
5950,1,0
5290,1,0
1515,1,0
2842,1,0
1686,1,0
3526,1,0
6491,1,0
3386,1,0
5057,0,1
1307,1,0
6718,1,0
11673,1,0
5687,1,0
6323,1,0
4081,1,0
5333,1,0
832,1,0
5938,0,1
10764,1,0
8729,0,1
4920,1,0
1140,1,0
5042,1,0
6727,1,0
2474,1,0
5822,1,0
1766,1,0
6100,1,0
8755,1,0
9051,1,0
2952,1,0
11662,1,0
9532,0,1
7183,1,0
9019,0,1
7042,1,0
1060,1,0
174,1,0
5722,1,0
9552,1,0
10701,1,0
8080,1,0
5886,1,0
5766,1,0
1071,1,0
5915,1,0
8974,1,0
9259,1,0
1606,1,0
2978,1,0
6565,1,0
8309,1,0
5473,1,0
6414,1,0
10935,0,1
183,1,0
10550,1,0
10360,0,1
10344,1,0
11486,1,0
9665,1,0
2424,1,0
5378,1,0
1491,0,1
11940,1,0
11469,1,0
326,1,0
9685,0,1
8591,1,0
3152,1,0
1759,1,0
1654,0,1
3267,1,0
10111,1,0
5959,1,0
10243,1,0
5284,1,0
3018,1,0
1042,0,1
779,0,1
11862,1,0
9052,1,0
3620,1,0
7745,1,0
1939,1,0
8110,1,0
1675,1,0
4256,1,0
1858,1,0
5756,1,0
7600,1,0
3064,1,0
7352,1,0
7998,1,0
10780,1,0
9350,0,1
12287,1,0
3878,1,0
12035,1,0
973,1,0
2242,1,0
9661,1,0
6652,1,0
10321,1,0
12295,1,0
6816,0,1
10319,1,0
5712,1,0
7351,1,0
12292,1,0
7524,1,0
5229,1,0
8261,1,0
1786,0,1
9986,1,0
8136,1,0
1145,1,0
8279,1,0
7421,1,0
10274,0,1
9205,1,0
2216,1,0
5461,1,0
6860,1,0
10683,1,0
167,1,0
9358,1,0
3203,1,0
11226,1,0
7590,1,0
363,1,0
7575,0,1
5397,1,0
6856,1,0
2280,1,0
11857,0,1
7360,1,0
5133,1,0
139,1,0
946,1,0
9962,0,1
2534,1,0
12267,0,1
4281,1,0
2806,1,0
862,1,0
5069,1,0
11891,1,0
8062,1,0
2272,1,0
11207,1,0
10867,1,0
4312,1,0
5167,1,0
6497,1,0
5590,1,0
12165,0,1
4976,1,0
8349,0,1
8615,1,0
8812,1,0
2944,1,0
1165,1,0
9633,0,1
2349,1,0
596,1,0
4000,1,0
6826,1,0
10515,0,1
6429,0,1
325,1,0
10611,1,0
6844,1,0
7450,1,0
11607,1,0
8910,1,0
5399,1,0
3493,1,0
10589,1,0
4076,1,0
1440,1,0
2785,1,0
171,1,0
9531,1,0
11776,1,0
5212,1,0
387,1,0
6054,0,1
9670,0,1
5987,1,0
12247,1,0
2114,1,0
3102,1,0
1170,1,0
6888,1,0
12113,0,1
866,1,0
2606,1,0
929,1,0
6974,1,0
3239,1,0
2320,1,0
6341,1,0
8424,1,0
9784,1,0
11804,1,0
12050,1,0
6534,1,0
5544,1,0
5165,1,0
2090,1,0
8544,1,0
11515,1,0
10503,1,0
4444,0,1
5757,0,1
3293,0,1
6002,0,1
1781,0,1
3114,1,0
7149,1,0
5589,1,0
11807,1,0
11334,0,1
332,1,0
12164,1,0
2772,1,0
2578,1,0
10914,1,0
1600,1,0
4726,1,0
5219,1,0
8982,1,0
2348,1,0
6156,1,0
11836,1,0
1880,1,0
8654,1,0
10511,1,0
8321,1,0
9167,1,0
6880,1,0
5168,1,0
1197,1,0
5554,1,0
11748,1,0
2504,1,0
975,1,0
1969,1,0
3177,1,0
1475,1,0
898,1,0
589,1,0
11377,0,1
9676,1,0
1128,1,0
5600,1,0
12091,1,0
6364,1,0
1790,1,0
3828,1,0
4265,1,0
10045,1,0
9151,1,0
12211,1,0
6653,1,0
9016,1,0
3100,1,0
10238,0,1
3170,1,0
2035,1,0
4870,1,0
10608,1,0
9434,1,0
7265,1,0
10347,1,0
267,1,0
653,1,0
1608,1,0
14,1,0
12240,1,0
10933,1,0
1411,1,0
907,1,0
1193,1,0
10180,1,0
7173,1,0
9274,1,0
5196,1,0
2381,1,0
1035,1,0
1632,1,0
3442,0,1
3504,1,0
12171,1,0
777,1,0
1296,1,0
6029,1,0
2536,1,0
8553,0,1
2714,1,0
2149,1,0
2790,1,0
3142,1,0
7798,1,0
12217,1,0
6975,1,0
7640,1,0
8936,1,0
1209,1,0
9688,0,1
2730,1,0
2461,1,0
1992,1,0
9861,1,0
4894,1,0
2896,1,0
11302,1,0
6176,1,0
780,1,0
3173,1,0
8456,1,0
7475,1,0
6438,1,0
808,1,0
7868,1,0
9465,1,0
8484,1,0
173,1,0
1412,1,0
3254,1,0
9624,1,0
1705,1,0
287,1,0
9218,1,0
8944,1,0
3228,1,0
2729,1,0
8065,1,0
7419,1,0
11742,1,0
9268,1,0
446,1,0
9679,1,0
9852,1,0
3191,1,0
6625,1,0
11879,1,0
7205,1,0
2350,1,0
6014,1,0
7698,1,0
3907,1,0
3055,1,0
3581,0,1
3691,1,0
6242,0,1
11096,1,0
2352,1,0
2307,1,0
3171,0,1
790,1,0
11144,1,0
6939,1,0
2248,1,0
9821,1,0
6032,1,0
10951,1,0
8392,1,0
1780,0,1
4599,1,0
86,1,0
3896,1,0
4262,1,0
3943,1,0
8788,1,0
10900,1,0
4019,1,0
12329,1,0
5578,1,0
6965,1,0
3570,1,0
5920,1,0
9435,1,0
11530,1,0
11153,1,0
6954,1,0
701,1,0
8879,0,1
9582,1,0
6833,0,1
6927,1,0
9959,1,0
5447,1,0
5641,1,0
7912,1,0
9396,1,0
11816,0,1
5782,0,1
8941,1,0
4058,1,0
8001,1,0
11266,1,0
7131,0,1
6978,1,0
1827,1,0
2910,1,0
8180,1,0
6371,0,1
3124,1,0
2160,1,0
9203,1,0
5681,1,0
7091,1,0
7522,1,0
9131,1,0
3945,1,0
11112,1,0
11575,1,0
1143,1,0
6117,1,0
12173,1,0
6952,1,0
8787,1,0
8571,1,0
2187,1,0
10225,1,0
10690,1,0
2492,1,0
2001,0,1
9844,1,0
8354,1,0
7742,1,0
5943,1,0
6942,1,0
9486,0,1
2362,1,0
522,1,0
8275,1,0
3761,1,0
2383,1,0
8078,0,1
6487,1,0
3875,1,0
10545,1,0
5896,1,0
5672,1,0
11624,1,0
1032,0,1
9929,1,0
7166,0,1
2410,1,0
84,1,0
1258,1,0
9522,1,0
9076,1,0
7326,1,0
2937,1,0
8661,1,0
836,1,0
5190,1,0
7424,0,1
8829,1,0
9780,1,0
11657,1,0
3704,1,0
10762,1,0
10253,1,0
3295,1,0
372,1,0
4612,1,0
11577,1,0
5417,1,0
9346,0,1
12022,0,1
8234,1,0
6083,1,0
4575,1,0
11298,1,0
7534,1,0
7465,1,0
9475,1,0
7556,0,1
12321,1,0
6795,1,0
8696,1,0
677,1,0
7633,1,0
10301,1,0
12018,1,0
8946,1,0
2243,1,0
8403,1,0
149,1,0
11485,1,0
6103,1,0
9567,1,0
4522,1,0
8637,1,0
6155,1,0
11180,1,0
1036,1,0
271,1,0
1269,1,0
8390,0,1
673,1,0
8409,1,0
12251,1,0
4674,1,0
11186,1,0
6140,1,0
5576,1,0
8683,1,0
9908,0,1
5853,1,0
12008,1,0
9453,1,0
72,1,0
6845,1,0
3549,1,0
993,1,0
2686,1,0
11274,1,0
40,1,0
159,1,0
6899,0,1
3167,1,0
401,1,0
2073,0,1
7781,1,0
6301,1,0
5432,1,0
2775,1,0
1884,1,0
10624,1,0
124,1,0
9160,0,1
9201,1,0
10922,1,0
9462,1,0
5321,1,0
3565,1,0
7610,1,0
5191,0,1
3127,1,0
8072,1,0
10506,1,0
6947,1,0
7749,1,0
11069,1,0
7767,1,0
1206,1,0
681,1,0
10395,1,0
9923,1,0
8967,1,0
1510,1,0
2235,1,0
9062,1,0
8895,0,1
11552,0,1
11030,1,0
9464,1,0
7686,1,0
6721,1,0
4112,0,1
3714,0,1
8479,0,1
3668,1,0
9431,1,0
10977,1,0
47,1,0
5424,1,0
6024,1,0
1273,1,0
4974,1,0
41,1,0
9381,1,0
786,1,0
11215,0,1
873,1,0
8789,1,0
5064,1,0
4875,1,0
3859,1,0
9153,0,1
10531,1,0
6655,1,0
5748,1,0
3715,1,0
2443,1,0
5408,1,0
6992,1,0
3602,0,1
11343,0,1
333,1,0
3655,1,0
2773,1,0
10745,1,0
11408,1,0
7628,0,1
5316,1,0
9361,1,0
4451,1,0
3217,1,0
7350,1,0
5022,1,0
7684,1,0
5065,1,0
2071,1,0
8219,1,0
5643,1,0
4566,1,0
1457,1,0
3242,1,0
5348,1,0
4914,1,0
4738,1,0
3988,1,0
11984,1,0
2975,1,0
5195,1,0
10858,1,0
2822,1,0
10323,1,0
11477,0,1
260,1,0
7230,1,0
6838,1,0
5839,1,0
2857,1,0
6857,1,0
7286,1,0
2058,1,0
1649,1,0
6837,1,0
8610,1,0
353,1,0
1064,1,0
6124,1,0
8748,1,0
6916,1,0
11208,1,0
1984,0,1
3421,1,0
7274,1,0
2277,1,0
4025,1,0
6362,0,1
10878,1,0
6884,1,0
8260,0,1
1478,1,0
5882,1,0
9558,0,1
12127,0,1
1914,1,0
3515,1,0
11267,1,0
12096,0,1
3013,1,0
11691,1,0
3123,1,0
455,1,0
11376,1,0
12278,0,1
1898,1,0
12073,1,0
9334,1,0
12107,1,0
97,1,0
12300,1,0
4117,1,0
11863,1,0
1112,1,0
9598,0,1
5039,1,0
7003,1,0
9893,1,0
3290,1,0
10114,1,0
11537,0,1
1219,0,1
3405,1,0
5498,1,0
10409,0,1
9289,1,0
2220,1,0
6514,1,0
668,1,0
9144,1,0
3637,1,0
10410,1,0
6599,1,0
9856,1,0
2780,1,0
5516,0,1
10813,1,0
9982,0,1
11184,1,0
8233,1,0
6480,1,0
7158,0,1
1588,1,0
7128,1,0
9576,1,0
10349,0,1
6079,1,0
2108,1,0
3583,1,0
10989,1,0
9269,1,0
11245,1,0
8490,1,0
2609,1,0
7196,1,0
1044,1,0
2682,1,0
948,1,0
2489,1,0
6559,1,0
11280,1,0
4822,1,0
11822,0,1
8841,1,0
2584,1,0
9729,1,0
10283,1,0
4049,0,1
538,1,0
4542,1,0
1803,1,0
7960,1,0
1545,1,0
6063,0,1
385,1,0
11364,1,0
1765,1,0
12274,1,0
4041,1,0
10382,1,0
2079,1,0
5548,0,1
11500,1,0
7857,1,0
9369,1,0
11098,1,0
8517,1,0
2551,1,0
3838,1,0
727,1,0
4721,1,0
6657,1,0
5046,1,0
8507,1,0
3353,1,0
6697,1,0
11315,1,0
2601,1,0
2478,1,0
5856,1,0
6337,1,0
603,0,1
70,1,0
2865,1,0
1367,1,0
572,1,0
8444,1,0
4110,1,0
4583,1,0
8971,1,0
6821,1,0
4851,1,0
1944,1,0
9360,1,0
3023,1,0
6632,1,0
4521,1,0
11129,1,0
11721,0,1
9966,0,1
734,1,0
9279,1,0
10525,0,1
3270,1,0
3842,1,0
3588,0,1
9970,1,0
1429,1,0
5200,1,0
11385,0,1
10119,1,0
11729,1,0
10408,1,0
9248,0,1
2850,1,0
1226,1,0
2568,1,0
5403,1,0
5874,0,1
5311,1,0
10855,1,0
3213,1,0
7933,1,0
4930,1,0
3039,1,0
9384,1,0
2351,1,0
4645,1,0
5104,1,0
4764,1,0
10394,1,0
4095,1,0
354,1,0
5743,1,0
10586,1,0
8575,1,0
1196,1,0
519,1,0
11403,1,0
249,0,1
6025,1,0
5373,1,0
2490,1,0
8945,1,0
9632,1,0
6333,1,0
9938,1,0
2274,1,0
2144,1,0
8616,0,1
1533,1,0
23,1,0
7132,1,0
7097,0,1
10606,0,1
11889,1,0
12059,0,1
1784,1,0
6820,1,0
8314,1,0
1452,1,0
520,1,0
7603,1,0
6608,1,0
7617,1,0
8063,1,0
11773,1,0
7536,1,0
11161,1,0
10804,1,0
9212,1,0
11276,0,1
6115,1,0
6135,1,0
7228,1,0
1254,1,0
11576,1,0
2697,1,0
11682,0,1
10757,1,0
466,1,0
10467,1,0
6120,1,0
8290,0,1
133,1,0
7075,1,0
1356,1,0
7821,1,0
8330,1,0
3906,1,0
883,1,0
3342,1,0
10958,1,0
2062,1,0
1283,0,1
11924,0,1
5789,1,0
5261,1,0
724,1,0
7160,0,1
7013,0,1
5591,1,0
1195,0,1
11510,1,0
646,1,0
12161,1,0
3278,1,0
240,1,0
10397,1,0
11784,1,0
10751,1,0
5900,1,0
7193,1,0
3326,1,0
11084,1,0
3615,1,0
7225,1,0
3082,1,0
5015,1,0
10003,1,0
1824,0,1
3767,1,0
9667,0,1
6851,1,0
5618,1,0
7893,1,0
125,1,0
3692,1,0
12061,1,0
3763,1,0
3134,1,0
6591,1,0
8569,1,0
10290,1,0
8241,1,0
7645,1,0
9647,1,0
5117,1,0
3656,1,0
8026,0,1
2401,1,0
10800,1,0
10553,1,0
10035,1,0
3000,1,0
5481,1,0
1523,1,0
1595,1,0
11196,1,0
8253,1,0
927,1,0
6046,1,0
11329,1,0
3710,1,0
8682,1,0
1820,1,0
2265,1,0
11497,1,0
924,1,0
9043,0,1
5905,1,0
5720,1,0
3032,1,0
9053,1,0
245,1,0
11244,1,0
10687,1,0
6201,0,1
882,1,0
11198,1,0
9714,0,1
2283,1,0
1137,1,0
11917,1,0
8792,1,0
4317,1,0
6513,1,0
10122,0,1
4229,1,0
5805,1,0
6393,1,0
5387,1,0
6913,1,0
4365,1,0
1184,1,0
34,1,0
3234,1,0
2255,1,0
8198,1,0
1748,1,0
4463,1,0
965,0,1
2892,1,0
194,1,0
11616,1,0
5659,0,1
1985,0,1
4184,0,1
6543,1,0
10017,1,0
11980,1,0
6510,1,0
11317,1,0
1442,1,0
11400,1,0
10827,0,1
4349,1,0
4711,1,0
12026,1,0
1987,1,0
8853,1,0
11849,1,0
8612,0,1
5567,1,0
8093,0,1
5794,1,0
5585,1,0
7111,1,0
160,1,0
4517,1,0
10997,1,0
3335,1,0
9709,0,1
6015,1,0
6986,1,0
1495,1,0
5427,1,0
5917,1,0
5650,1,0
1262,0,1
7045,1,0
1147,1,0
2868,1,0
2628,1,0
7758,1,0
10576,1,0
4414,1,0
4014,1,0
7444,1,0
8105,1,0
4069,0,1
889,1,0
1009,1,0
6359,0,1
4626,1,0
9960,1,0
3478,1,0
1732,0,1
9681,1,0
4904,1,0
9504,1,0
51,1,0
7321,1,0
11653,0,1
1565,1,0
1415,0,1
12259,1,0
8178,1,0
9474,1,0
11840,1,0
10790,1,0
865,1,0
546,1,0
2394,1,0
3832,1,0
3920,0,1
3026,1,0
5871,1,0
12283,1,0
2236,1,0
5030,1,0
2930,1,0
12282,1,0
9623,1,0
1299,1,0
8806,1,0
11178,1,0
3375,1,0
2460,1,0
6436,1,0
4344,1,0
5115,1,0
5700,1,0
5028,1,0
5468,1,0
184,1,0
4825,1,0
4592,1,0
5337,0,1
7011,0,1
9748,1,0
3538,1,0
3845,1,0
1802,1,0
8071,1,0
3287,1,0
4299,1,0
9253,0,1
2219,1,0
5412,1,0
2941,1,0
9615,1,0
11611,0,1
914,1,0
3319,1,0
5421,1,0
726,1,0
9808,1,0
2151,1,0
2427,1,0
39,1,0
65,1,0
10258,0,1
7528,1,0
4232,1,0
9946,1,0
1396,1,0
3462,1,0
8162,1,0
6248,1,0
6696,1,0
9138,1,0
10474,1,0
4257,1,0
613,0,1
11628,1,0
11255,0,1
10189,1,0
664,1,0
10286,1,0
6041,1,0
11744,1,0
10715,1,0
7231,1,0
11571,1,0
11960,1,0
1482,1,0
2587,1,0
8810,1,0
8091,0,1
10734,0,1
7227,0,1
2911,1,0
2797,1,0
10962,1,0
5968,1,0
721,1,0
813,0,1
8598,1,0
7010,1,0
4954,1,0
6828,1,0
10010,1,0
2033,1,0
10144,1,0
3387,1,0
6455,1,0
4169,1,0
11145,1,0
10381,0,1
8765,1,0
7880,0,1
678,1,0
7979,1,0
2776,1,0
8250,1,0
11033,1,0
5821,0,1
11308,1,0
5925,1,0
9638,1,0
357,1,0
5063,1,0
7598,1,0
2649,1,0
6121,1,0
5198,1,0
7267,1,0
8158,1,0
1941,0,1
877,0,1
2722,1,0
9169,1,0
5770,1,0
1648,1,0
11764,1,0
4809,1,0
2213,1,0
7976,1,0
5480,0,1
1631,1,0
9967,1,0
3253,1,0
11762,1,0
2766,1,0
5143,1,0
3356,1,0
4090,1,0
12006,1,0
8864,1,0
11281,1,0
3003,1,0
6802,1,0
6672,0,1
1557,1,0
8647,1,0
1499,1,0
919,1,0
1276,1,0
11424,0,1
127,1,0
5718,1,0
3350,1,0
6912,1,0
6926,1,0
11623,0,1
4215,1,0
1974,1,0
3101,1,0
10551,1,0
6342,1,0
3372,1,0
4815,1,0
9249,0,1
8052,1,0
11541,1,0
3075,1,0
1640,1,0
2420,1,0
9046,1,0
10459,1,0
6419,1,0
2597,1,0
8878,1,0
9260,0,1
566,1,0
3237,1,0
4461,1,0
5534,1,0
2218,1,0
8146,1,0
268,1,0
7852,0,1
8434,1,0
4348,1,0
9380,1,0
9133,1,0
10627,1,0
6895,0,1
7741,1,0
11524,1,0
7322,1,0
7181,0,1
1933,1,0
6040,1,0
1418,1,0
3793,1,0
12290,1,0
1337,1,0
1996,0,1
12266,0,1
10135,1,0
3140,1,0
5559,1,0
11753,1,0
5763,1,0
10028,1,0
4744,1,0
6956,1,0
9575,1,0
6658,1,0
4053,1,0
4382,1,0
4710,1,0
8341,1,0
6245,1,0
3566,1,0
316,1,0
5448,1,0
9512,1,0
11827,1,0
12215,1,0
4043,1,0
7848,1,0
6801,1,0
1751,1,0
4264,1,0
8920,1,0
2717,1,0
3132,1,0
1756,1,0
3198,1,0
2454,1,0
6165,1,0
9050,1,0
8899,0,1
4187,1,0
3772,1,0
12284,1,0
6473,0,1
8698,1,0
3888,1,0
3245,1,0
9834,1,0
11605,1,0
917,1,0
8380,1,0
1813,1,0
11965,0,1
7156,1,0
6188,1,0
4537,1,0
1754,1,0
3471,1,0
5982,1,0
6482,1,0
2953,1,0
2244,1,0
5953,1,0
2016,1,0
1837,0,1
1864,1,0
11852,0,1
1852,1,0
7353,0,1
696,0,1
753,1,0
10333,1,0
10991,1,0
3663,1,0
9341,0,1
2570,1,0
334,1,0
443,1,0
3571,1,0
374,1,0
3377,1,0
5765,1,0
6332,1,0
2229,1,0
2131,0,1
8546,1,0
4195,1,0
3731,1,0
422,1,0
9282,1,0
7300,1,0
3598,1,0
7986,1,0
2604,0,1
6569,1,0
5579,0,1
3428,1,0
7827,1,0
2902,1,0
10430,0,1
7779,0,1
3938,1,0
102,0,1
3977,1,0
6950,1,0
10336,1,0
10171,1,0
6783,0,1
9931,1,0
8633,1,0
1370,1,0
742,1,0
9751,1,0
4320,1,0
1204,1,0
3455,1,0
11079,1,0
1624,1,0
4245,1,0
9816,1,0
8116,1,0
6706,1,0
11656,1,0
9954,1,0
4798,1,0
8413,1,0
8033,1,0
11986,0,1
11792,1,0
2821,1,0
1564,0,1
279,1,0
2378,1,0
10152,1,0
3785,1,0
7682,1,0
11238,1,0
8478,1,0
9778,1,0
2959,1,0
7651,1,0
1382,1,0
3605,1,0
5482,1,0
11553,1,0
12093,0,1
4625,1,0
11811,1,0
6666,1,0
776,1,0
3065,1,0
2438,1,0
11498,1,0
3548,1,0
3215,1,0
6021,1,0
580,1,0
8621,1,0
2920,1,0
10653,1,0
634,1,0
7862,1,0
5899,1,0
2228,1,0
12273,1,0
10082,0,1
715,1,0
10124,1,0
9224,1,0
2866,1,0
6984,1,0
12131,1,0
6925,1,0
3099,1,0
586,1,0
8684,1,0
9803,1,0
9409,1,0
738,1,0
11432,0,1
2288,1,0
9565,1,0
9829,1,0
3227,1,0
4406,1,0
507,1,0
703,1,0
8893,1,0
386,1,0
6945,1,0
2359,1,0
5426,1,0
231,0,1
8635,0,1
11209,1,0
11051,1,0
5717,1,0
10984,1,0
12232,1,0
10385,0,1
11358,1,0
8716,1,0
2741,0,1
4663,1,0
1962,1,0
4415,1,0
10871,1,0
3365,1,0
5379,1,0
7394,1,0
11189,1,0
4680,1,0
6744,1,0
8416,1,0
4468,1,0
8578,1,0
1076,1,0
12316,1,0
3341,1,0
6509,1,0
11523,1,0
101,1,0
8995,1,0
728,1,0
5211,1,0
12193,1,0
6053,1,0
8534,1,0
3385,1,0
3580,1,0
6529,1,0
6078,0,1
4234,1,0
2919,1,0
7429,1,0
7674,0,1
4646,1,0
1959,1,0
8101,1,0
3048,1,0
9692,0,1
9392,1,0
9634,1,0
2798,1,0
8477,1,0
11008,0,1
10588,1,0
4571,1,0
7034,1,0
8808,0,1
6756,1,0
6735,1,0
2499,1,0
4982,1,0
4318,1,0
5353,1,0
5484,1,0
5089,0,1
11614,1,0
10398,1,0
6075,1,0
8388,1,0
1708,1,0
6291,1,0
7359,1,0
2409,1,0
5409,1,0
12076,1,0
920,1,0
11413,1,0
11904,1,0
2087,1,0
11572,1,0
9302,1,0
11257,0,1
797,1,0
4345,1,0
12160,1,0
311,1,0
4151,1,0
158,1,0
8173,0,1
6639,1,0
7238,1,0
10076,1,0
5734,1,0
2488,1,0
931,0,1
12046,1,0
5972,1,0
7948,1,0
4478,1,0
8007,1,0
9732,1,0
9036,1,0
7413,1,0
10435,0,1
4450,1,0
7347,1,0
11598,0,1
729,1,0
3091,1,0
9870,1,0
1575,1,0
2967,1,0
8692,0,1
3681,1,0
3360,1,0
1168,1,0
1006,1,0
2767,1,0
213,1,0
6144,1,0
5208,1,0
3447,1,0
2957,1,0
10355,1,0
8442,1,0
1330,1,0
1590,1,0
5037,1,0
5199,1,0
3229,1,0
7127,1,0
3240,0,1
6298,1,0
10957,1,0
5885,1,0
885,1,0
11445,1,0
691,1,0
11368,1,0
9853,1,0
4235,1,0
4763,0,1
3678,1,0
1721,1,0
2996,1,0
12257,1,0
148,1,0
1956,1,0
9152,1,0
770,1,0
2735,1,0
9405,1,0
8875,1,0
10786,1,0
3874,1,0
7546,1,0
7368,0,1
796,0,1
3095,1,0
10390,1,0
11200,1,0
8350,1,0
2962,1,0
11110,1,0
739,1,0
9736,0,1
658,1,0
4601,1,0
9196,1,0
10945,1,0
4839,1,0
175,1,0
8560,0,1
11233,1,0
9551,1,0
11263,1,0
9427,1,0
1161,0,1
7017,1,0
5811,1,0
10297,1,0
8663,0,1
2784,1,0
3641,1,0
6600,1,0
5425,1,0
9644,1,0
6581,1,0
8207,1,0
2514,1,0
5134,1,0
4898,1,0
3784,1,0
3713,1,0
10229,1,0
4958,1,0
9737,1,0
7426,0,1
7380,1,0
857,0,1
1847,1,0
6484,1,0
561,1,0
10716,1,0
1464,1,0
9359,1,0
5249,1,0
411,1,0
2143,1,0
7110,1,0
2555,1,0
11512,0,1
9607,1,0
582,1,0
1685,1,0
6763,1,0
5243,1,0
5324,1,0
4471,1,0
8714,1,0
11694,0,1
131,1,0
11038,1,0
5677,1,0
10457,1,0
8506,1,0
11831,1,0
5599,1,0
9859,1,0
9139,1,0
10695,1,0
6779,1,0
11082,1,0
355,0,1
529,1,0
1450,1,0
8584,1,0
9604,1,0
8222,1,0
1401,1,0
1628,1,0
5755,0,1
4211,1,0
2569,1,0
9226,1,0
735,1,0
12045,1,0
5608,0,1
4795,1,0
235,1,0
2621,1,0
2855,1,0
6611,1,0
8811,0,1
11223,1,0
9955,1,0
2757,1,0
4661,1,0
2914,1,0
9060,1,0
10731,1,0
2119,1,0
6674,1,0
6398,0,1
10656,1,0
11006,1,0
2513,1,0
6253,1,0
4273,1,0
6444,1,0
78,1,0
2793,1,0
7607,1,0
643,1,0
4948,1,0
1392,1,0
6901,1,0
1088,1,0
10070,0,1
1866,1,0
8825,1,0
508,1,0
7816,1,0
9717,1,0
4858,1,0
3209,1,0
11382,0,1
7693,1,0
12083,1,0
4540,1,0
3328,1,0
1805,1,0
5669,1,0
4157,1,0
11968,1,0
655,1,0
6656,1,0
11222,1,0
7683,1,0
9091,1,0
8493,1,0
5156,1,0
3042,1,0
5389,0,1
3872,1,0
8011,1,0
6930,0,1
3444,1,0
9561,1,0
4405,1,0
1838,1,0
5624,1,0
5428,1,0
1062,1,0
5451,1,0
10350,1,0
5556,0,1
5913,1,0
2752,1,0
7773,1,0
4867,1,0
7803,1,0
3987,1,0
5082,1,0
1830,1,0
8447,1,0
4679,1,0
9514,1,0
7953,1,0
6982,1,0
4472,1,0
1217,1,0
2548,1,0
9628,0,1
11845,1,0
2392,0,1
62,1,0
3533,1,0
2221,1,0
3514,0,1
6566,1,0
5749,1,0
4387,1,0
3815,1,0
11606,1,0
6564,1,0
2961,1,0
1857,1,0
7898,0,1
9781,1,0
10399,0,1
4812,1,0
6003,1,0
10631,1,0
1896,1,0
938,1,0
207,0,1
2210,1,0
11116,1,0
8732,1,0
3381,0,1
7319,1,0
2644,1,0
10649,1,0
9054,1,0
5146,1,0
8117,1,0
1302,1,0
10454,1,0
1222,1,0
1912,1,0
4089,1,0
8536,1,0
471,1,0
2067,0,1
8308,0,1
7592,0,1
3292,1,0
9447,1,0
491,1,0
294,0,1
4085,1,0
7936,1,0
2304,0,1
12025,1,0
1789,0,1
1232,1,0
4944,1,0
3085,1,0
9250,1,0
5964,1,0
7523,1,0
7950,1,0
5183,1,0
6385,1,0
9236,1,0
11496,1,0
8242,1,0
7829,1,0
4393,1,0
1127,1,0
3332,1,0
802,0,1
12277,1,0
9482,1,0
1597,1,0
676,1,0
8446,1,0
1313,1,0
8407,1,0
11022,1,0
9656,1,0
2508,1,0
11460,1,0
12163,0,1
2009,1,0
9550,1,0
25,1,0
405,1,0
6058,1,0
11574,1,0
286,1,0
7472,0,1
8201,1,0
10165,1,0
11974,1,0
9177,1,0
5562,1,0
7195,1,0
4588,1,0
11669,1,0
10175,1,0
12128,1,0
5767,1,0
5855,1,0
3665,1,0
6339,1,0
3670,1,0
570,1,0
1455,1,0
5302,1,0
11080,1,0
11354,1,0
8177,1,0
947,1,0
5194,1,0
2311,1,0
1567,1,0
11775,1,0
4016,1,0
821,1,0
8917,0,1
5594,1,0
314,1,0
8565,1,0
4787,1,0
1946,1,0
921,1,0
11542,1,0
4249,0,1
7474,1,0
8733,0,1
9072,1,0
75,1,0
5674,1,0
7161,1,0
11390,1,0
2483,1,0
7165,0,1
10612,1,0
3202,1,0
11229,1,0
958,1,0
9079,1,0
1555,1,0
8573,0,1
5307,1,0
1404,1,0
4585,1,0
5545,1,0
8849,1,0
8984,1,0
11262,0,1
3643,1,0
11346,1,0
7718,1,0
9997,1,0
8014,1,0
3250,1,0
650,1,0
1794,1,0
3450,1,0
7503,1,0
3904,1,0
1125,1,0
3383,1,0
5317,1,0
11870,0,1
4397,1,0
7720,1,0
1612,1,0
9922,1,0
4579,1,0
10148,1,0
6877,0,1
5325,1,0
375,1,0
11781,0,1
5494,0,1
2223,1,0
2133,1,0
3236,1,0
4598,0,1
11437,1,0
2192,1,0
6373,1,0
1720,1,0
9985,1,0
9428,1,0
10079,1,0
1228,1,0
1902,1,0
310,1,0
469,1,0
7390,1,0
3865,1,0
2549,1,0
6550,1,0
7290,1,0
4289,1,0
4777,1,0
8527,0,1
7861,0,1
6463,1,0
7823,1,0
5123,0,1
6033,1,0
1722,1,0
7452,1,0
4734,1,0
10950,1,0
1251,0,1
9976,0,1
4683,1,0
9652,1,0
2026,1,0
7277,1,0
2205,1,0
6709,1,0
6699,0,1
4054,1,0
2233,1,0
4831,1,0
3709,1,0
10615,1,0
11305,1,0
2297,1,0
7595,1,0
10727,1,0
2669,0,1
1913,1,0
9618,1,0
11861,0,1
10172,0,1
2698,1,0
9075,1,0
2859,0,1
1015,1,0
4935,1,0
7928,1,0
12208,1,0
285,1,0
7690,1,0
6970,1,0
7260,1,0
2450,1,0
3274,1,0
10952,1,0
6623,0,1
11431,1,0
8351,1,0
6839,1,0
6742,0,1
3466,1,0
771,1,0
3379,1,0
3847,1,0
6832,1,0
9048,1,0
11835,1,0
1493,1,0
6914,0,1
11327,1,0
4331,1,0
11099,1,0
512,1,0
7068,1,0
9800,1,0
7574,1,0
5252,1,0
10954,1,0
1466,0,1
4200,1,0
3349,1,0
11932,1,0
6976,1,0
11855,1,0
6705,1,0
3689,1,0
9507,0,1
8750,1,0
76,1,0
11556,1,0
9767,1,0
1518,1,0
9071,1,0
8,1,0
3285,1,0
9109,1,0
9262,1,0
10755,1,0
1917,1,0
8600,1,0
3703,0,1
4115,1,0
12003,1,0
3683,1,0
527,1,0
4604,1,0
1118,1,0
4275,1,0
11785,1,0
10061,1,0
6206,1,0
11250,1,0
717,1,0
11349,0,1
9263,1,0
2861,1,0
8018,1,0
9005,1,0
3472,1,0
7417,1,0
9157,0,1
9122,0,1
11801,1,0
5094,1,0
11251,1,0
3523,0,1
3951,0,1
9379,1,0
11597,0,1
7842,0,1
1339,0,1
10098,1,0
1243,1,0
805,1,0
2041,0,1
4031,0,1
699,1,0
5835,1,0
8535,1,0
9099,0,1
5921,1,0
1782,1,0
5043,1,0
7294,1,0
8134,1,0
9996,1,0
10307,1,0
7564,0,1
8897,1,0
1095,1,0
12205,0,1
11880,1,0
9935,1,0
11865,1,0
5006,1,0
11604,1,0
4943,1,0
7090,1,0
1017,1,0
9242,0,1
8670,0,1
1503,1,0
9210,1,0
2241,1,0
8486,0,1
3754,1,0
3554,1,0
10,1,0
1138,1,0
10782,1,0
5358,1,0
12047,1,0
783,0,1
10668,0,1
525,1,0
3853,1,0
9134,1,0
7070,1,0
6026,1,0
9245,1,0
1644,1,0
1166,1,0
10273,1,0
1867,1,0
934,1,0
9841,1,0
5549,0,1
7525,1,0
8731,1,0
10305,1,0
11521,1,0
8387,1,0
5342,1,0
7177,1,0
8564,1,0
8725,1,0
3695,1,0
2475,1,0
8108,1,0
6274,1,0
784,1,0
7655,1,0
8217,0,1
3414,1,0
746,1,0
5866,1,0
9941,1,0
4560,1,0
9385,1,0
9805,1,0
7078,1,0
11332,1,0
36,1,0
3221,1,0
6811,1,0
2497,0,1
262,1,0
505,1,0
4158,1,0
10869,1,0
8724,1,0
6723,1,0
11679,0,1
7464,1,0
6908,1,0
9455,1,0
11162,1,0
3552,1,0
11665,1,0
89,1,0
9820,1,0
1618,1,0
343,1,0
407,1,0
3339,1,0
11352,1,0
11976,1,0
7622,1,0
1056,1,0
404,1,0
2113,1,0
8196,1,0
2068,1,0
11637,1,0
2794,0,1
1013,1,0
2963,1,0
3823,1,0
4936,1,0
4495,1,0
11648,1,0
153,1,0
6717,1,0
2099,1,0
4853,1,0
11634,1,0
6640,1,0
9390,1,0
1433,1,0
11231,1,0
3606,1,0
7101,1,0
6185,1,0
5946,1,0
7973,1,0
9760,1,0
4453,1,0
3933,1,0
1971,1,0
7249,1,0
1357,1,0
11061,1,0
9794,1,0
8636,1,0
12312,0,1
5413,1,0
5496,0,1
3184,1,0
996,1,0
1268,1,0
82,1,0
4657,0,1
1338,1,0
7568,1,0
8634,1,0
3257,1,0
2833,1,0
3685,1,0
11696,1,0
767,1,0
8931,0,1
1277,0,1
791,1,0
11417,1,0
4723,1,0
4960,1,0
5367,1,0
3553,1,0
9235,1,0
10027,1,0
10592,0,1
269,1,0
12080,1,0
6936,1,0
291,1,0
1011,1,0
4569,1,0
5759,0,1
1234,1,0
2201,1,0
4294,1,0
10222,1,0
1266,1,0
7951,1,0
481,1,0
5662,1,0
9115,0,1
11459,1,0
5902,1,0
4130,1,0
7194,1,0
10534,1,0
3305,1,0
7787,1,0
4489,1,0
10308,1,0
3593,1,0
2528,1,0
5309,1,0
11020,1,0
4842,1,0
5097,1,0
9535,1,0
4821,1,0
10546,1,0
11890,0,1
1116,1,0
11067,1,0
1697,1,0
8567,1,0
10956,0,1
6138,1,0
6539,1,0
801,1,0
3590,1,0
6101,1,0
7910,1,0
5251,1,0
5091,1,0
1488,1,0
8760,1,0
1532,1,0
4751,1,0
543,1,0
12053,1,0
2224,1,0
2212,1,0
9766,1,0
198,1,0
330,1,0
6579,1,0
12265,0,1
1272,1,0
4939,1,0
437,1,0
4244,1,0
8474,1,0
2918,1,0
10826,1,0
5050,1,0
4233,1,0
10630,1,0
3248,1,0
3058,1,0
7918,1,0
108,1,0
1192,1,0
8746,1,0
9230,1,0
10967,0,1
2673,1,0
8606,1,0
2781,1,0
7666,1,0
8558,1,0
12040,1,0
652,0,1
2245,1,0
11414,1,0
4486,1,0
8957,0,1
6592,1,0
9505,1,0
1762,1,0
4557,1,0
11945,0,1
9107,0,1
9540,1,0
7508,1,0
7543,1,0
6785,1,0
8954,1,0
8256,1,0
8482,1,0
7272,0,1
11489,1,0
7438,0,1
6875,1,0
9680,1,0
1585,1,0
29,1,0
7643,1,0
2377,1,0
12214,1,0
5716,1,0
8842,1,0
191,1,0
6412,1,0
6962,1,0
5341,1,0
7746,1,0
9363,1,0
4017,1,0
5008,1,0
9414,1,0
10791,1,0
1459,1,0
8277,0,1
8118,0,1
4554,1,0
5636,1,0
4142,1,0
1057,1,0
11168,1,0
5974,1,0
5132,1,0
3884,1,0
1669,1,0
10134,1,0
12263,1,0
4292,1,0
8054,0,1
5792,1,0
5760,1,0
8580,1,0
394,1,0
7648,1,0
2056,1,0
5543,1,0
8916,1,0
1966,1,0
6943,1,0
9247,1,0
4107,1,0
7550,1,0
8129,0,1
10513,1,0
11596,1,0
7032,1,0
5152,1,0
2583,0,1
10468,1,0
8730,1,0
733,1,0
10371,1,0
5025,1,0
4063,1,0
8932,1,0
11478,1,0
6037,1,0
2981,1,0
3542,0,1
12024,1,0
5939,1,0
10754,1,0
6934,1,0
11355,1,0
3407,1,0
9136,1,0
1664,0,1
9581,1,0
4164,1,0
186,0,1
2396,1,0
11739,1,0
6955,0,1
3135,1,0
2926,1,0
8768,1,0
4469,1,0
5586,0,1
8131,1,0
8086,1,0
12028,1,0
2705,1,0
5688,1,0
9214,1,0
4082,1,0
6645,0,1
6675,1,0
7586,1,0
6426,1,0
2529,1,0
8296,0,1
7717,1,0
155,1,0
8418,0,1
11529,1,0
951,1,0
9811,1,0
3807,1,0
2585,1,0
3521,1,0
8270,0,1
11678,1,0
10707,1,0
10849,1,0
6280,0,1
2878,1,0
2413,1,0
1511,1,0
6267,1,0
11823,1,0
4907,1,0
2681,1,0
757,1,0
8138,1,0
11479,1,0
9643,0,1
11703,0,1
9348,1,0
7886,1,0
10595,1,0
6932,1,0
11633,1,0
11676,1,0
6163,0,1
12120,0,1
2049,1,0
4306,1,0
6459,1,0
9689,1,0
10853,0,1
379,0,1
2613,1,0
4015,1,0
9639,1,0
7046,1,0
10850,1,0
6574,1,0
1162,1,0
10863,0,1
4123,1,0
2315,1,0
4590,1,0
2732,1,0
5086,1,0
10667,1,0
6703,1,0
10771,1,0
6142,1,0
823,1,0
5070,1,0
5732,1,0
10415,1,0
516,1,0
451,1,0
8551,0,1
2209,1,0
10248,1,0
6961,1,0
10205,0,1
11453,1,0
4788,1,0
11456,1,0
3923,1,0
3176,1,0
7345,1,0
3699,1,0
4131,1,0
1505,1,0
11973,1,0
3995,1,0
9445,1,0
7051,1,0
9806,0,1
7288,1,0
5323,1,0
2278,0,1
8272,1,0
9,1,0
12039,1,0
7340,0,1
6830,1,0
9200,1,0
10856,1,0
3413,1,0
2965,1,0
12017,1,0
7977,1,0
203,1,0
5139,1,0
10420,0,1
2365,1,0
11318,1,0
6073,0,1
7400,1,0
1670,1,0
9121,1,0
74,1,0
20,1,0
6900,1,0
3650,1,0
7884,0,1
3351,1,0
6488,0,1
949,1,0
6715,1,0
302,1,0
11265,1,0
2211,1,0
10891,1,0
10934,1,0
4950,1,0
63,0,1
9398,1,0
1610,1,0
7058,1,0
8676,1,0
7801,1,0
197,1,0
6520,0,1
1870,1,0
1828,1,0
8996,0,1
8828,1,0
689,1,0
12070,1,0
4259,1,0
8124,1,0
6395,1,0
22,1,0
6835,1,0
4524,1,0
460,1,0
6214,1,0
9377,1,0
7883,1,0
853,0,1
2530,1,0
6644,1,0
6423,1,0
8310,1,0
6099,1,0
2313,1,0
4186,1,0
2182,1,0
9684,1,0
5944,1,0
9508,1,0
11581,1,0
3259,1,0
9557,1,0
5111,1,0
250,1,0
6082,0,1
7635,1,0
4952,1,0
2509,1,0
11654,1,0
2804,1,0
494,1,0
2801,0,1
2407,1,0
11483,1,0
4122,0,1
709,1,0
7100,1,0
6983,1,0
9546,1,0
515,1,0
6641,0,1
8545,1,0
1622,0,1
3833,1,0
4802,1,0
4161,1,0
4370,1,0
9252,0,1
3145,1,0
4647,1,0
3850,1,0
10941,0,1
2904,1,0
318,1,0
416,0,1
7956,0,1
3269,1,0
7468,1,0
4531,1,0
2522,1,0
1839,1,0
9047,1,0
5744,0,1
4148,1,0
930,1,0
10641,0,1
9919,1,0
9015,1,0
1130,1,0
6863,1,0
10788,1,0
7904,1,0
10881,0,1
11468,1,0
11643,1,0
7783,0,1
11423,1,0
3758,1,0
5297,1,0
9674,1,0
10005,1,0
8831,0,1
10014,1,0
9018,0,1
9094,1,0
7663,1,0
1877,1,0
4050,0,1
8238,0,1
11090,1,0
360,1,0
4230,1,0
11259,1,0
10502,1,0
9027,1,0
3063,1,0
8667,1,0
2744,1,0
2908,1,0
6870,1,0
2345,1,0
1180,1,0
3803,1,0
7609,1,0
6669,1,0
3439,1,0
9185,1,0
7217,1,0
1360,1,0
9459,1,0
769,0,1
6530,1,0
9017,1,0
5126,1,0
12196,1,0
275,1,0
8431,1,0
2298,1,0
3558,1,0
11156,0,1
7921,1,0
6758,1,0
3376,1,0
5967,1,0
9888,1,0
4857,1,0
7964,1,0
2063,1,0
4984,1,0
4466,1,0
8881,1,0
6490,1,0
7398,1,0
536,1,0
754,1,0
9114,0,1
7473,1,0
5924,1,0
9057,1,0
3051,1,0
11820,1,0
10176,1,0
5880,1,0
4448,1,0
550,1,0
4785,1,0
5637,1,0
2453,1,0
3900,1,0
10463,0,1
5293,1,0
3417,1,0
6418,0,1
10579,1,0
11954,1,0
3722,1,0
2110,1,0
6435,1,0
659,1,0
6231,0,1
9090,1,0
7282,1,0
9223,1,0
7994,1,0
4423,1,0
10126,1,0
2473,1,0
11539,1,0
10527,1,0
6316,1,0
6347,1,0
6360,0,1
2282,1,0
6146,1,0
9698,0,1
6108,1,0
3225,1,0
1086,1,0
9875,1,0
1114,1,0
11815,1,0
6071,1,0
4616,1,0
1773,1,0
5312,1,0
7502,1,0
5110,1,0
7115,1,0
11120,0,1
8854,1,0
5436,1,0
7634,1,0
880,1,0
1202,1,0
3766,1,0
6402,1,0
6928,1,0
11560,1,0
4293,0,1
10859,1,0
9710,1,0
3660,1,0
886,1,0
2384,1,0
309,1,0
10743,1,0
4918,1,0
992,1,0
6937,1,0
1439,1,0
6470,1,0
8047,1,0
2632,1,0
11826,1,0
9793,0,1
2676,1,0
10101,1,0
7930,1,0
9423,1,0
1739,0,1
5414,1,0
6304,1,0
3057,1,0
9463,1,0
4667,1,0
841,1,0
10161,1,0
9562,1,0
2989,1,0
477,1,0
193,1,0
6503,1,0
1187,1,0
11167,1,0
4754,1,0
11288,1,0
7102,1,0
409,1,0
3629,1,0
9584,0,1
8430,1,0
5529,1,0
12001,1,0
844,1,0
1255,1,0
1119,1,0
441,1,0
5981,0,1
11722,0,1
11896,1,0
2502,1,0
7056,1,0
5709,1,0
1479,0,1
2830,1,0
8371,1,0
11841,1,0
2486,1,0
9825,1,0
5380,1,0
10625,1,0
265,1,0
9631,1,0
12079,1,0
3744,1,0
4399,1,0
5927,1,0
8268,1,0
4596,1,0
12186,1,0
10966,1,0
7330,1,0
7460,1,0
9318,1,0
6836,1,0
10761,1,0
11681,1,0
3241,1,0
11396,1,0
977,1,0
3831,1,0
10198,0,1
11016,1,0
8921,1,0
8522,1,0
8675,0,1
2134,1,0
5328,1,0
12031,1,0
6220,1,0
5691,1,0
1772,1,0
2217,1,0
5776,1,0
8074,1,0
7180,1,0
2292,1,0
3658,1,0
7108,1,0
3976,1,0
9593,0,1
8608,0,1
1916,1,0
10077,1,0
5141,1,0
10895,1,0
5532,1,0
11214,1,0
11182,1,0
7875,0,1
6475,1,0
8975,0,1
290,1,0
10994,1,0
1058,1,0
514,1,0
5644,0,1
9123,1,0
11735,0,1
1376,1,0
3282,1,0
6329,0,1
132,1,0
1265,1,0
7775,1,0
2054,1,0
5007,1,0
2002,1,0
9939,0,1
6864,1,0
8502,1,0
4298,1,0
2552,1,0
7993,1,0
5584,1,0
8193,1,0
6843,1,0
10235,1,0
10973,0,1
1666,0,1
7856,0,1
4458,1,0
11777,1,0
10699,1,0
8858,1,0
2923,1,0
3169,1,0
3822,1,0
1633,1,0
2617,1,0
8265,1,0
4945,0,1
6493,1,0
11284,1,0
10691,1,0
1477,1,0
10960,1,0
4600,1,0
5612,1,0
12041,1,0
2391,1,0
4179,1,0
6045,1,0
9675,1,0
2728,1,0
3898,1,0
11814,1,0
5984,0,1
9958,0,1
111,1,0
8542,1,0
10514,0,1
1972,1,0
8952,1,0
64,1,0
9610,0,1
5997,1,0
5976,1,0
4060,1,0
6973,1,0
6330,1,0
3079,1,0
6998,0,1
3753,1,0
324,1,0
2045,0,1
774,1,0
2820,1,0
474,1,0
11434,1,0
9868,1,0
8480,1,0
11683,1,0
3289,1,0
1188,1,0
6269,0,1
5288,1,0
9484,1,0
11419,1,0
11772,1,0
5303,1,0
12222,1,0
764,1,0
7927,1,0
11778,0,1
10065,1,0
10433,1,0
6865,1,0
8462,1,0
8514,0,1
449,1,0
2760,1,0
3942,1,0
10632,1,0
6328,1,0
11635,1,0
7454,1,0
4029,1,0
5891,1,0
10226,1,0
11547,1,0
3597,1,0
3992,1,0
7594,1,0
7447,1,0
8753,1,0
8913,1,0
479,1,0
10280,0,1
4928,1,0
303,1,0
12212,1,0
3175,1,0
6009,0,1
11102,1,0
9301,1,0
2789,0,1
6918,1,0
868,1,0
11066,1,0
1512,1,0
854,1,0
3182,1,0
7066,1,0
11320,1,0
9246,1,0
969,1,0
6150,1,0
11825,1,0
4355,1,0
3866,1,0
8827,1,0
6230,0,1
12166,1,0
6314,1,0
1506,1,0
9193,1,0
8556,1,0
3978,1,0
98,1,0
9880,0,1
4114,1,0
863,0,1
4449,1,0
4350,1,0
7226,1,0
3371,1,0
11810,1,0
4218,1,0
499,1,0
5739,1,0
5244,0,1
8215,1,0
6792,1,0
12130,1,0
10820,1,0
9225,1,0
1888,1,0
4125,1,0
12227,1,0
11712,0,1
6127,1,0
4177,1,0
6334,1,0
6326,1,0
3513,1,0
4121,1,0
10887,1,0
6228,1,0
2542,1,0
1537,1,0
1553,1,0
8185,1,0
12236,1,0
1446,1,0
6351,1,0
30,0,1
2726,1,0
8227,1,0
2388,1,0
10876,1,0
7498,1,0
4506,1,0
1245,1,0
6147,1,0
9965,1,0
3501,1,0
6568,0,1
8533,0,1
410,1,0
1657,1,0
4824,1,0
5699,1,0
2484,1,0
785,1,0
5079,1,0
8476,1,0
3834,1,0
10338,1,0
9646,1,0
4124,0,1
4039,1,0
10472,1,0
810,0,1
10112,1,0
3869,0,1
5844,1,0
2955,1,0
814,1,0
1560,1,0
6279,1,0
10060,1,0
9695,1,0
4962,1,0
7613,1,0
270,1,0
9022,1,0
10556,1,0
5492,1,0
5024,1,0
5444,1,0
2154,1,0
11619,0,1
6320,1,0
11671,1,0
2786,1,0
9066,1,0
9132,1,0
2493,1,0
12087,1,0
3109,1,0
10569,1,0
3812,1,0
1727,1,0
7103,0,1
3183,1,0
2874,1,0
1371,1,0
11617,1,0
587,1,0
11088,1,0
3403,1,0
3043,1,0
840,1,0
5068,0,1
9801,1,0
782,1,0
4621,1,0
4849,1,0
2912,1,0
8245,0,1
2675,1,0
10509,0,1
8195,1,0
11372,1,0
6560,1,0
4730,1,0
12000,1,0
2576,1,0
8187,1,0
2969,1,0
3161,1,0
8539,1,0
7167,1,0
8649,1,0
7201,1,0
9314,1,0
7709,1,0
698,1,0
1778,1,0
7878,1,0
8460,1,0
1687,1,0
5176,1,0
7071,1,0
4878,0,1
67,1,0
3476,1,0
383,1,0
5040,1,0
6887,0,1
10654,0,1
10605,1,0
5869,1,0
5823,1,0
2037,1,0
1594,1,0
6827,1,0
7327,1,0
1504,1,0
10796,1,0
1153,1,0
12280,1,0
1163,1,0
8024,1,0
3359,1,0
8384,1,0
4032,1,0
4836,1,0
2412,0,1
8579,0,1
5714,1,0
7320,1,0
8412,0,1
11708,0,1
4149,1,0
9044,0,1
9819,1,0
9295,1,0
537,1,0
4460,1,0
11194,1,0
9687,1,0
5563,1,0
923,1,0
2688,1,0
4366,1,0
10491,1,0
4913,1,0
2003,1,0
11934,1,0
9418,1,0
10368,1,0
2778,1,0
2085,1,0
8586,0,1
7957,1,0
4749,1,0
7082,0,1
1065,1,0
11794,1,0
2589,0,1
10300,1,0
10824,1,0
5153,1,0
10075,1,0
8009,1,0
56,1,0
484,1,0
8823,1,0
398,1,0
6919,1,0
8439,1,0
4998,0,1
11176,1,0
6605,1,0
2267,1,0
10041,1,0
9696,1,0
1942,1,0
7060,0,1
400,0,1
1383,1,0
5564,1,0
8740,0,1
12233,0,1
7318,1,0
10580,1,0
4459,1,0
2800,1,0
1167,1,0
10230,1,0
9347,1,0
3251,1,0
6107,1,0
7393,1,0
8689,1,0
12136,1,0
11829,1,0
1931,1,0
7863,1,0
2152,1,0
11406,0,1
8163,1,0
824,1,0
6647,1,0
1419,1,0
2500,1,0
9485,1,0
5721,1,0
1021,1,0
1576,1,0
10073,1,0
10638,0,1
61,1,0
4884,1,0
10423,1,0
12246,1,0
10552,1,0
1312,1,0
2289,1,0
4422,1,0
4782,1,0
3632,1,0
9137,0,1
1783,1,0
6567,0,1
4395,1,0
11019,1,0
440,1,0
257,1,0
5080,1,0
4959,1,0
9208,1,0
2021,1,0
8705,0,1
11000,1,0
4538,1,0
2446,1,0
5100,0,1
5742,1,0
10018,1,0
6867,1,0
6485,1,0
4072,1,0
10905,1,0
3735,1,0
7463,1,0
11248,1,0
10983,1,0
10302,1,0
313,1,0
7015,1,0
8523,1,0
11812,1,0
2004,1,0
7431,0,1
1639,1,0
2907,1,0
5775,1,0
4814,1,0
71,1,0
1872,1,0
6243,0,1
9818,1,0
2834,1,0
11591,0,1
9677,1,0
7349,1,0
1755,1,0
11012,1,0
8497,1,0
3889,1,0
4578,1,0
8777,1,0
7490,0,1
7934,1,0
9141,1,0
11508,1,0
3965,1,0
3395,1,0
9171,1,0
11756,1,0
248,1,0
9605,1,0
4268,1,0
11878,1,0
6949,0,1
10969,1,0
760,0,1
5085,1,0
2321,1,0
3725,1,0
10366,1,0
2762,1,0
994,1,0
11297,1,0
4056,1,0
8037,1,0
11600,1,0
32,1,0
6959,0,1
1453,1,0
7888,1,0
10203,1,0
11055,1,0
4697,1,0
6397,1,0
278,1,0
3887,1,0
5725,1,0
5443,0,1
8822,1,0
11747,1,0
5507,0,1
9765,1,0
4178,1,0
136,1,0
11568,1,0
6130,1,0
7495,1,0
7386,1,0
470,0,1
12158,1,0
8097,1,0
5647,1,0
10405,1,0
42,1,0
4597,1,0
8861,0,1
7970,1,0
3464,0,1
1113,1,0
3461,1,0
8114,1,0
10988,1,0
9117,1,0
6303,1,0
3640,1,0
7289,1,0
8763,1,0
3122,1,0
3133,0,1
5382,1,0
233,1,0
349,1,0
5846,1,0
11645,1,0
2921,1,0
8758,1,0
7520,1,0
1348,1,0
1811,1,0
8964,1,0
730,1,0
3073,1,0
7237,1,0
9720,0,1
8319,1,0
961,1,0
4572,1,0
5655,1,0
6387,0,1
4961,1,0
11141,1,0
7599,1,0
11197,1,0
11048,1,0
1540,1,0
4254,1,0
2770,1,0
8301,1,0
11595,1,0
11847,1,0
11015,1,0
12012,1,0
5513,1,0
4356,1,0
11760,1,0
7243,1,0
2758,1,0
5865,1,0
2933,1,0
631,1,0
10833,0,1
4845,1,0
9033,1,0
90,1,0
5062,1,0
9842,1,0
1223,1,0
4239,1,0
6847,1,0
4994,1,0
11937,1,0
4094,1,0
6938,1,0
3419,1,0
7121,1,0
8172,1,0
1388,0,1
7088,1,0
2470,1,0
8953,1,0
10282,1,0
8048,1,0
2477,1,0
6126,1,0
4286,1,0
5366,1,0
2335,1,0
6417,1,0
8140,1,0
4739,1,0
7558,1,0
4221,1,0
454,1,0
10163,1,0
3568,1,0
10379,1,0
7442,1,0
5385,0,1
5400,1,0
1081,1,0
6822,1,0
2380,1,0
8653,1,0
5713,1,0
11866,1,0
448,0,1
11465,1,0
3587,1,0
3614,1,0
966,1,0
3546,0,1
6594,1,0
9444,1,0
4027,1,0
8299,0,1
5888,1,0
5114,1,0
5648,1,0
8285,1,0
11190,1,0
9092,1,0
5989,1,0
4929,1,0
7315,0,1
7440,1,0
11294,1,0
10838,1,0
1148,1,0
8905,1,0
8190,0,1
556,1,0
8363,1,0
3522,1,0
4564,0,1
6035,1,0
7903,1,0
276,1,0
7089,1,0
7876,0,1
5683,0,1
7825,1,0
10478,1,0
5730,1,0
4694,0,1
4411,1,0
2671,1,0
10729,1,0
6879,1,0
8317,1,0
585,1,0
1470,1,0
4467,1,0
10940,1,0
11987,0,1
8003,1,0
1999,1,0
463,1,0
5340,1,0
8405,1,0
7668,0,1
5772,1,0
12228,0,1
4973,1,0
7833,1,0
803,1,0
630,0,1
9731,1,0
3596,1,0
2843,1,0
7136,1,0
99,1,0
10528,1,0
2076,0,1
7361,0,1
3358,1,0
10555,1,0
5027,1,0
4199,1,0
9308,1,0
4241,1,0
8756,1,0
9657,1,0
1812,0,1
3297,1,0
3858,1,0
11024,0,1
8381,0,1
10159,0,1
8312,1,0
2052,1,0
8588,1,0
2897,1,0
5368,1,0
6964,1,0
11897,1,0
6443,1,0
11218,1,0
8687,1,0
1242,1,0
7756,1,0
558,1,0
2960,1,0
1901,0,1
10373,1,0
651,1,0
1091,1,0
4741,1,0
4686,1,0
8793,1,0
8288,1,0
5928,1,0
7619,1,0
6129,1,0
3944,0,1
6449,0,1
3486,1,0
3451,1,0
11700,1,0
11050,1,0
10185,1,0
9004,1,0
1609,1,0
8244,1,0
4584,1,0
11333,1,0
11053,1,0
693,1,0
3963,1,0
1274,1,0
4990,1,0
4005,0,1
10162,1,0
10658,1,0
4385,1,0
430,1,0
6522,1,0
3512,0,1
9009,1,0
7285,1,0
11599,1,0
9320,1,0
9726,1,0
10099,1,0
4078,1,0
10540,0,1
2442,1,0
8378,1,0
3069,1,0
9792,0,1
1750,1,0
7375,1,0
4141,1,0
1284,1,0
2812,1,0
11981,1,0
2650,1,0
10737,1,0
5472,1,0
2972,1,0
2105,1,0
10915,1,0
10051,1,0
6931,1,0
10564,1,0
7535,1,0
11919,1,0
10723,1,0
10284,0,1
4576,1,0
6476,1,0
11969,1,0
5388,1,0
10133,0,1
7079,1,0
4222,0,1
2683,1,0
6194,1,0
6570,1,0
7802,1,0
1747,1,0
10728,1,0
10030,1,0
10464,1,0
4826,1,0
4118,1,0
9560,1,0
11731,1,0
2560,1,0
3354,1,0
11260,1,0
10792,1,0
6553,1,0
11118,0,1
6736,0,1
11803,1,0
11304,1,0
2327,1,0
5497,1,0
3261,1,0
10453,0,1
8411,1,0
4104,1,0
9397,1,0
10137,0,1
12180,1,0
1801,1,0
7764,0,1
9273,1,0
4310,1,0
2361,1,0
511,1,0
10063,0,1
1791,1,0
2404,1,0
1178,1,0
5116,1,0
1951,1,0
5752,1,0
2599,1,0
9845,0,1
3197,1,0
1702,1,0
12075,1,0
4759,1,0
5172,1,0
3975,1,0
2252,1,0
12188,0,1
7689,0,1
1978,1,0
11152,0,1
11448,1,0
6663,1,0
8791,1,0
5489,1,0
10600,1,0
5686,1,0
8627,0,1
8566,1,0
4967,1,0
3331,1,0
9577,1,0
6136,1,0
154,1,0
7470,0,1
8293,0,1
4550,1,0
9283,0,1
6440,0,1
8599,1,0
11953,1,0
2661,1,0
12249,1,0
11538,0,1
6461,0,1
11410,1,0
10416,1,0
2851,1,0
7215,1,0
8353,1,0
5314,1,0
2207,1,0
11495,1,0
9764,0,1
11518,1,0
9258,0,1
6381,1,0
1601,1,0
9594,1,0
5998,1,0
5319,1,0
9042,1,0
3494,1,0
2077,1,0
11938,1,0
5201,1,0
1682,1,0
6772,1,0
3210,1,0
8776,1,0
2096,1,0
9786,1,0
11627,0,1
6551,1,0
8508,1,0
4558,0,1
10329,1,0
8778,1,0
11869,1,0
3117,1,0
5456,1,0
3115,1,0
5546,1,0
288,1,0
7908,1,0
11503,1,0
11451,1,0
1345,1,0
464,1,0
1647,1,0
8337,0,1
1603,1,0
8743,1,0
7009,1,0
6661,1,0
2137,1,0
8925,0,1
11175,1,0
5773,0,1
11107,1,0
5374,1,0
8323,1,0
10219,1,0
835,1,0
12051,1,0
4324,1,0
10325,1,0
6114,1,0
1285,1,0
6924,1,0
3863,1,0
6849,0,1
752,0,1
5495,1,0
7485,1,0
7870,0,1
7188,1,0
6431,0,1
228,1,0
8473,1,0
7383,1,0
9292,1,0
9858,1,0
998,1,0
1134,1,0
11970,1,0
4277,0,1
10436,1,0
5923,1,0
1909,1,0
6300,1,0
4176,1,0
3677,1,0
9487,1,0
10805,1,0
7922,1,0
7035,1,0
744,1,0
8625,1,0
11838,1,0
10557,1,0
2463,1,0
6817,1,0
5294,1,0
1461,1,0
10191,0,1
3154,1,0
4059,1,0
896,0,1
8924,1,0
3212,1,0
12037,1,0
16,1,0
4360,0,1
9400,0,1
11966,0,1
11839,1,0
7014,1,0
6556,1,0
8970,1,0
6168,1,0
11227,1,0
7263,1,0
9699,0,1
6454,1,0
9648,1,0
9741,1,0
11441,1,0
9100,0,1
9501,1,0
2591,1,0
1303,1,0
4607,1,0
5665,0,1
2225,1,0
3410,1,0
46,1,0
12248,1,0
2852,1,0
4080,1,0
12239,1,0
743,1,0
5213,1,0
4762,1,0
10129,1,0
4441,1,0
6202,1,0
1033,1,0
3090,1,0
8410,1,0
5075,1,0
7730,1,0
8489,1,0
2254,1,0
1494,1,0
10718,1,0
5850,1,0
3755,1,0
2258,0,1
9436,1,0
8927,1,0
10002,1,0
5077,1,0
7670,1,0
635,1,0
2367,1,0
6008,1,0
11115,1,0
3816,1,0
7427,1,0
6331,1,0
4279,1,0
8979,1,0
3577,1,0
7702,1,0
3595,1,0
3642,1,0
8908,0,1
6143,1,0
8339,1,0
3540,1,0
6094,1,0
3734,1,0
1906,1,0
8402,1,0
344,1,0
2406,1,0
8869,0,1
7509,1,0
9924,1,0
8880,1,0
9599,0,1
5727,1,0
628,1,0
9668,1,0
8997,1,0
7627,1,0
8868,1,0
1484,1,0
10670,1,0
5033,1,0
10157,1,0
7076,1,0
2924,1,0
4773,1,0
3166,1,0
